"CREATIONDATE","OBJECTDESC","TITLE","CLOSEDDATETIME","CASECLOSUREREASONDESCRIPTION""2026-01-11 00:00:00","2745 S 45TH ST","Street Light Cycling","2026-01-12 00:00:00","Cycles on and off in seemingly regular intervals""2026-01-11 00:00:00","3473 S ALABAMA AV, MILWAUKEE, WI, 53207-3640","Christmas Tree Pickup","2026-01-12 00:00:00","""2026-01-11 00:00:00","2730 W JUNEAU AV, MILWAUKEE, WI, 53208-2918","Bulky Pickup & San Inspector Notification","","My neighbor has left this waste on 28th between Juneau and McKinley for several months now. There are also numerous bins just on the sidewalk filled not being removed. I believe the family name is Bell.""2026-01-11 00:00:00","2915 N DOWNER AV, MILWAUKEE, WI, 53211-3335","Missed Collection: Recycling","2026-01-12 00:00:00","Both cans were full last weeks pick up, only one was taken. The alley is also full of other folks recycles from the holidays! Cans are overflowing and recycles becoming wet""2026-01-11 00:00:00","3938 N 13TH ST, MILWAUKEE, WI, 53206-3016","Backwater","2026-01-12 00:00:00","Leaves were still piled in street during snow storm in mid-Nov '25. Basement drain started backing up during December thaw and rains. Large amount/piles of leaves were along the curbs up and down both sides of the street including over the storm drains. All drains in household run with no change in backed up water level in basement. Basement sewage backp level seems to change at will.""2026-01-11 00:00:00","1615 E LOCUST ST, MILWAUKEE, WI, 53211-3222","Potholes","","large pothole by riverside high school""2026-01-11 00:00:00","2773 N 88TH ST, MILWAUKEE, WI, 53222-4645","Christmas Tree Pickup","","Christmas Tree pickup""2026-01-11 00:00:00","1922 N 55TH ST, MILWAUKEE, WI, 53208-1668","Sidewalk Repair","","Due to a ridiculous speed hump installation and lead pipe work across the street, street crews replaced a section of sidewalk adjacent to our driveway (north side of driveway entrance) and because they didn't rope it off , someone stepped in the wet concrete ant left two huge permanent footprints.  fix this please. they also tore up our  lawn for their back hoe and ditch witch-tore up chunks and patches of grass that just lay all over now. I want this fixed asap-I shouldn't have to pay property taxes on this level of mess that Milwaukee lets their crews leave behind""2026-01-11 00:00:00","740 N PLANKINTON AV, MILWAUKEE, WI, 53203-0000","Dog Feces","","There is dog poop everywhere next to this apartment complex when you enter the parking lot to the north of the building. It's all over the areas in between the parking lot spaces that have trees and where the sign is upon entry. Nobody cleans up after their dogs. There needs to be a post with dog waste bags and a garbage and I think the police need to patrol it. Start issuing massive fines so this stops!  It's so disgusting and it smells awful""2026-01-11 00:00:00","3526 N PALMER ST, MILWAUKEE, WI, 53212-1545","Bulky Pickup & San Inspector Notification","","lots of bags and mattress and bed frame""2026-01-11 00:00:00","2949 N HACKETT AV, MILWAUKEE, WI, 53211-3443","Christmas Tree Pickup","2026-01-12 00:00:00","""2026-01-11 00:00:00","2024 W HALSEY AV, MILWAUKEE, WI, 53221-2962","Sidewalks Not Shoveled (adjacent to Private Property)","2026-01-12 00:00:00","Ice and snow covering sidewalk making it dangerous to pass""2026-01-11 00:00:00","3069 N SHERMAN BL, MILWAUKEE, WI, 53210-0000","No Heat","","unit c no heat for 2 mths""2026-01-11 00:00:00","3356 N 51ST BL, MILWAUKEE, WI, 53216-3238","Special Pickup - Accident Debris","2026-01-12 00:00:00","accident debris in middle of street and on lawn""2026-01-11 00:00:00","4803 S 20TH ST, MILWAUKEE, WI, 53221-2810","Sidewalks Not Shoveled (adjacent to Private Property)","2026-01-12 00:00:00","Covered in snow and ice""2026-01-11 00:00:00","7950 W GERTRUDE DR, MILWAUKEE, WI, 53218-3708","Potholes","2026-01-12 00:00:00","null""2026-01-11 00:00:00","2102 N 59TH ST, MILWAUKEE, WI, 53208-1038","Christmas Tree Pickup","2026-01-12 00:00:00","Not Christmas tree but greens from pots in front yard. Pile of greens/sticks in front yard on 59th St close to fire hydrant. Thank you!""2026-01-11 00:00:00","6801 W BENNETT AV, MILWAUKEE, WI, 53219-2920","Potholes","2026-01-12 00:00:00","1 big pothole""2026-01-11 00:00:00","6801 W KINNICKINNIC RIVER PK, MILWAUKEE, WI, 53219-2931","Potholes","2026-01-12 00:00:00","Big pothole""2026-01-11 00:00:00","6800 W KINNICKINNIC RIVER PK, MILWAUKEE, WI, 53219-2930","Potholes","2026-01-12 00:00:00","big pothole""2026-01-11 00:00:00","3303 W JUNEAU AV, MILWAUKEE, WI, 53208-0000","Garage Unsecured","2026-01-12 00:00:00","Apartment buildingâ€™s dumpsters are consistently overflowing and blocking the sidewalk. Vermin have been seen in the trash and it is spreading outside of the dumpster.""2026-01-11 00:00:00","2102 N 59TH ST, MILWAUKEE, WI, 53208-1038","Missed Collection: Garbage","","Our garbage was not collected on 1/9. It was missed last Friday 1/2 as well. I put in two collection requests the week of 1/5 to have it picked up when it was missed on 1/2, but it was not picked up that week. Then, it was missed again on our scheduled trash day on 1/9. I saw the trash get picked up in other spots on Lloyd, but ours continues to be missed. The crew must be missing our section of Lloyd street while they weave between the one way streets. Iâ€™d love for our trash to be picked up this week still. Otherwise, by next Friday, itâ€™ll be over 3 weeks since our trash was picked up.""2026-01-11 00:00:00","5103 W WISCONSIN AV, MILWAUKEE, WI, 53208-3057","Leaf/Leaves Pickup Request","","Request for leaf cleanup along N 51st Street between Wisconsin Ave and Bluemound Rd.""2026-01-11 00:00:00","3133 S INDIANA AV, MILWAUKEE, WI, 53207-3034","Christmas Tree Pickup","2026-01-12 00:00:00","""2026-01-11 00:00:00","4627 W CLEVELAND AV, MILWAUKEE, WI, 53219-3214","Christmas Tree Pickup","2026-01-12 00:00:00","""2026-01-11 00:00:00","3470 S 60TH ST, MILWAUKEE, WI, 53219-4343","Miscellaneous Street Maintenance Request","","at 60th & Morgan in the left southbound lane there appears to be some kind of water shut off that is in danger of being hit by traffic""2026-01-11 00:00:00","3457 N 95TH ST, MILWAUKEE, WI, 53222-3555","Christmas Tree Pickup","","Please pick up Christmas tree. As well as the brush that was never picked up in our previous request, in the fall.""2026-01-11 00:00:00","4621 N 86TH ST, MILWAUKEE, WI, 53225-4928","Leaf/Leaves Pickup Request","","Leaf pile still left from fall scheduled pick up. Pile is causing water back up/Ice and a hazard and smells.""2026-01-11 00:00:00","2239 E NORTH AV, MILWAUKEE, WI, 53202-0000","Potholes","","""2026-01-11 00:00:00","3854 S 55TH ST","Other Miscellaneous Electrical Services Request","","alley light  full of black stuff, bugs? no idea, needs a cleaning possibly, the old cover is very yellowed out, maybe led changeout, your the lightman, you do your thing.""2026-01-11 00:00:00","102 N 76TH ST, MILWAUKEE, WI, 53213-3530","Bulky Pickup & San Inspector Notification","","1 recliner chair pick up, submitted previously but has not been picked up yet even though it previously stated completed. No note or phone call was made either. Just one recliner chair pick up please and thank you""2026-01-11 00:00:00","4606 N 46TH ST, MILWAUKEE, WI, 53218-5209","Recycling Cart: No Cart","","My recycling cart is either missing and or was stolen and I need a replacement recycling cart""2026-01-11 00:00:00","6615 W VILLARD AV, MILWAUKEE, WI, 53218-4018","Garbage Cart: No Cart","","no can, someone took it again""2026-01-11 00:00:00","5547 N 34TH ST, MILWAUKEE, WI, 53209-4752","Special Pickup - Accident Debris","","Entire 5500 block N 34 has broken glass""2026-01-11 00:00:00","305 N 59TH ST, MILWAUKEE, WI, 53213-4207","Missed Collection: Recycling","2026-01-12 00:00:00","Called last week. No collection still.""2026-01-11 00:00:00","3456 S NEW YORK AV, MILWAUKEE, WI, 53207-3732","Christmas Tree Pickup","2026-01-12 00:00:00","Christmas tree placed in front of house, at curb.""2026-01-11 00:00:00","8221 W LORRAINE PL, MILWAUKEE, WI, 53222-4848","Christmas Tree Pickup","","""2026-01-11 00:00:00","1324 A N 60TH ST, MILWAUKEE, WI, 53208-2148","Work Being Done Without Permit, Private Property","","Rusted faulty heat exchanger leaking gas to tenants.  Unit lockout disregarded by owner putting tenants at risk.  Faulty wiring and plumbing also observed.  Safety hazard to tenants.  Felt duty to report to prevent injury or fire.""2026-01-11 00:00:00","4233 N 28TH ST, MILWAUKEE, WI, 53216-1811","Clogged Catch Basin/Surface Flooding","","Directly behind 4233 N. 28th St., Alley catch basing will not drain. This is about the third or fourth time Iâ€™ve put in a claim for this issue.""2026-01-11 00:00:00","2978 N 60TH ST, MILWAUKEE, WI, 53210-1401","Potholes","","Northbound lane with multiple potholes, especially previously repaired areas near Chambers and 2 areas in right lane north of Burleigh that need repatching.""2026-01-11 00:00:00","2179 N 56TH ST, MILWAUKEE, WI, 53208-1027","Christmas Tree Pickup","2026-01-12 00:00:00","Christmas tree is in alley by garbage and recycling carts.""2026-01-11 00:00:00","102 S 44TH ST, MILWAUKEE, WI, 53214-0000","City-Owned Vacant Lot Cleanup","","Several discarded bags of garbage and shopping carts on N 44th between Selig Dr and W. Bluemound Rd. Aslo several tires along the road""2026-01-11 00:00:00","400 N 44TH ST, MILWAUKEE, WI, 53208-0000","City-Owned Vacant Lot Cleanup","","Large black couch on sidewalk on N 44th st under bridge. N 44th St between Selig Dr and W Bluemound has several items of trash along the road""2026-01-11 00:00:00","2922 N 89TH ST, MILWAUKEE, WI, 53222-4606","Christmas Tree Pickup","","""2026-01-11 00:00:00","1108 N MILWAUKEE ST, 112, MILWAUKEE, WI, 53202-3152","Christmas Tree Pickup","","It will be on the curb in front of the main door entrance. Thank you!""2026-01-11 00:00:00","3234 N 50TH ST, MILWAUKEE, WI, 53216-3212","Christmas Tree Pickup","","Christmas tree""2026-01-11 00:00:00","3323 N ARGONNE DR, MILWAUKEE, WI, 53222-3419","Christmas Tree Pickup","","Christmas tree pick up""2026-01-11 00:00:00","2119 N 56TH ST, MILWAUKEE, WI, 53208-1027","Christmas Tree Pickup","2026-01-12 00:00:00","Christmas tree""2026-01-11 00:00:00","3162 S 84TH ST","Christmas Tree Pickup","2026-01-12 00:00:00","""2026-01-11 00:00:00","2576 S 62ND ST, MILWAUKEE, WI, 53219-2625","Christmas Tree Pickup","2026-01-12 00:00:00","""2026-01-11 00:00:00","542 E POTTER AV, MILWAUKEE, WI, 53207-2115","Christmas Tree Pickup","2026-01-12 00:00:00","Itâ€™s right by my trash cans in the alley""2026-01-11 00:00:00","3233 S KINNICKINNIC AV, MILWAUKEE, WI, 53207-3119","Christmas Tree Pickup","2026-01-12 00:00:00","""2026-01-11 00:00:00","3045 S WENTWORTH AV, MILWAUKEE, WI, 53207-3016","Christmas Tree Pickup","2026-01-12 00:00:00","""2026-01-11 00:00:00","2829 S SUPERIOR ST","All Other Signs","","20 mph curve sign knocked down. Now in park against tree.""2026-01-11 00:00:00","2836 W WISCONSIN AV, MILWAUKEE, WI, 53208-4047","Christmas Tree Pickup","2026-01-12 00:00:00","Christmas tree disposal from 2836 W WISCONSIN AVENUE""2026-01-11 00:00:00","3153 N PIERCE ST, MILWAUKEE, WI, 53212-2128","Sidewalk Repair","","Un even sidewalk""2026-01-11 00:00:00","2939 S DELAWARE AV, MILWAUKEE, WI, 53207-2516","Christmas Tree Pickup","2026-01-12 00:00:00","""2026-01-10 00:00:00","3615 S 83RD ST, MILWAUKEE, WI, 53220-1029","Clogged Catch Basin/Surface Flooding","2026-01-12 00:00:00","Caller reports surface flooded due to severely clogged sewer drain.""2026-01-10 00:00:00","4662 N 28TH ST, MILWAUKEE, WI, 53209-6137","Clogged Catch Basin/Surface Flooding","2026-01-12 00:00:00","Caller reports severely flooded road due to clogged drains.""2026-01-10 00:00:00","6063 N TEUTONIA AV, MILWAUKEE, WI, 53209-3644","Light Pole Knocked Down","","Light pole knocked down blocking the street going Northbound caller gave 6131, call 3015""2026-01-10 00:00:00","7805 W TOWNSEND ST, MILWAUKEE, WI, 53222-3941","Leaf/Leaves Pickup Request","","There is a pile of leaves from our street left behind from the fall cleanup. The pile is north lane close to the intersection of Townsend and 78th.""2026-01-10 00:00:00","8804 W WINFIELD AV, MILWAUKEE, WI, 53225-1822","Street Light Out","2026-01-11 00:00:00","Street lights are out on the entire block""2026-01-10 00:00:00","1303 N 57TH ST, MILWAUKEE, WI, 53208-2125","Leaf/Leaves Pickup Request","","""2026-01-10 00:00:00","4823 S 6TH ST, MILWAUKEE, WI, 53221-2441","Leaf/Leaves Pickup Request","","This leaf pile is about 25 ft long. Trucks have driven through the pile, pushing it so that it is starting to block the fire hydrant. Thank you for sending someone to clear this.""2026-01-10 00:00:00","3131 S 18TH ST, MILWAUKEE, WI, 53215-4503","Christmas Tree Pickup","","""2026-01-10 00:00:00","5528 W SILVER SPRING DR, Milwaukee, WISCONSIN, 53218","Traffic Signals","","The street lights going north, south. East, and west have been blinking since yesterday afternoon.""2026-01-10 00:00:00","2775 N 98TH ST, MILWAUKEE, WI, 53222-4512","Christmas Tree Pickup","","Christmas tree pickup request""2026-01-10 00:00:00","3912 S HOWELL AV, MILWAUKEE, WI, 53207-4422","Potholes","","Potholes between howard and Layton along Howell""2026-01-10 00:00:00","5100 W LISBON AV, MILWAUKEE, WI, 53210-0000","Potholes","","At this intersection, there is an enormous pothole when making a left turn from 51st Street onto the eastbound lanes on Lisbon Avenue. There is no way to avoid it and needs to be repaired sooner than later before it causes an accident(s) for drivers trying to avoid this crater looking pothole and the others along this area on Lisbon Avenue. Last year, I spent over $400.00 to repair one of my car rims that was damaged due to driving on the poorly maintained streets full of potholes all over of the City of Milwaukee. I wish I could add a photo, but I do not want to get ran down by the out of control reckless driving in this area.""2026-01-10 00:00:00","4492 N 83RD ST, MILWAUKEE, WI, 53218-4516","Leaf/Leaves Pickup Request","","""2026-01-10 00:00:00","2978 N 60TH ST, MILWAUKEE, WI, 53210-1401","Pothole in Alley","","Hole ðŸ•³ and damage road""2026-01-10 00:00:00","3326 S 9TH PL, MILWAUKEE, WI, 53215-5113","Christmas Tree Pickup","","""2026-01-10 00:00:00","9531 W RIO ST, MILWAUKEE, WI, 53225-1660","Recycling Cart Contaminated","","""2026-01-09 00:00:00","5071 N 76TH ST, MILWAUKEE, WI, 53218-3802","Potholes","","large potholes in sb lane down to 5113 N 76TH ST""2026-01-09 00:00:00","4143 N 76TH ST, MILWAUKEE, WI, 53222-2000","Potholes","","Large pothole in sb lane""2026-01-09 00:00:00","3321 N 13TH ST, MILWAUKEE, WI, 53206-0000","City-Owned Vacant Lot Cleanup","","Remove all debris from the city owned property.""2026-01-09 00:00:00","9006 W BENDER AV, MILWAUKEE, WI, 53225-1809","Garbage Cart: Missing","","REC# 5445460 Unit 9006 missing 1 GC. Please add addresses to four G cart once delivered/ confirmed. 9004,9006,9008 and 9010.""2026-01-09 00:00:00","808 S 11TH ST, MILWAUKEE, WI, 53204-0000","Exterior of Building in Disrepair","","Upper unit of commercial building being worked on as of 11/15/25. No permit appears to be pulled. Exterior windows are minimum, work appears to include interior studs as well.""2026-01-09 00:00:00","2876 S 16TH ST, MILWAUKEE, WI, 53215-3722","Street Light Out","2026-01-10 00:00:00","Itâ€™s been 4 night without streetlights. From 16th street to 13th street and from Oklahoma Ave to the dead end street heading north towards Cleveland Ave.  Please fix it. Itâ€™s very dangerous in this neighborhood. Some of uf go to work in the middle of the night.""2026-01-09 00:00:00","178 N 92ND ST, MILWAUKEE, WI, 53226-4528","Christmas Tree Pickup","","Christmas tree""2026-01-09 00:00:00","3400 N 97TH PL, MILWAUKEE, WI, 53222-3452","Street Light Out","2026-01-09 00:00:00","As usual the area street lights havenâ€™t come on so the whole neighborhood is dark.""2026-01-09 00:00:00","623 E RUSSELL AV, MILWAUKEE, WI, 53207-2126","Potholes","","Multiple in the 600 Block of East Russell Avenue. Fill jobs by Miller Pipelineâ€™s work last year are sinking and are huge indents. The biggest/worst one is in front of 623.""2026-01-09 00:00:00","6935 N 107TH ST, MILWAUKEE, WI, 53224-4310","Christmas Tree Pickup","","tree placed next to the garbage and recycle bins behind the church.""2026-01-09 00:00:00","8000 W HERBERT AV, MILWAUKEE, WI, 53218-3629","Christmas Tree Pickup","2026-01-09 00:00:00","Corner house.  Christmas tree is next to driveway on corner of W Gertrude and W Herbert Ave  (8000 W Herbert Ave.)""2026-01-09 00:00:00","2372 N 60TH ST","Christmas Tree Pickup","","This is my second request. Christmas Tree Pickup #17703143 Was NOT picked up as indicated.""2026-01-09 00:00:00","8708 W HOWARD AV, MILWAUKEE, WI, 53228-1750","Missed Collection: Recycling","","""2026-01-09 00:00:00","2138 N 32ND ST, MILWAUKEE, WI, 53208-1422","Junk Vehicle on Private Property","2026-01-09 00:00:00","Car park on the grass in the rear yard of this address""2026-01-09 00:00:00","7530 W LOCUST ST, MILWAUKEE, WI, 53210-0000","Clogged Catch Basin/Surface Flooding","","Please remove leaves clog drain in front of FIRE HYDRANT!! Causing ponding!!""2026-01-09 00:00:00","3001 S 9TH PL, MILWAUKEE, WI, 53215-3949","Clogged Catch Basin/Surface Flooding","2026-01-09 00:00:00","Sewer location is on the corner of Manitoba Street by the stop sign. 3001 s. 9th place gets major flooding. Water backs up almost to the stores front steps of the building on corner.""2026-01-09 00:00:00","1235 N 12th St, Milwaukee, WI 53205, USA","Missed Collection: Garbage","","This is a church.  The garbage is collected inside of the parking lot.""2026-01-09 00:00:00","8401 W LISBON AV","Potholes","","There are multiple potholes between 60th and 84th streets on Lisbon Ave.""2026-01-09 00:00:00","5335 W Wilbur Ave, Milwaukee, WI 53220, USA","Missed Collection: Garbage","","""2026-01-09 00:00:00","11005 W SILVER SPRING DR, MILWAUKEE, WI, 53225-0000","Area Dark","2026-01-09 00:00:00","""2026-01-09 00:00:00","7233 W OKLAHOMA AV, MILWAUKEE, WI, 53219-0000","Pothole in Alley","","3RD REQUEST- Alley in back of her home the drain sewage area has a pothole around the sewage crate that is sinking in. It has a deep pothole. This is affecting her car damage. My elderly mother takes out her garbage cart, and this is unsafe.""2026-01-09 00:00:00","3301 N HOLTON ST, MILWAUKEE, WI, 53212-1651","Garbage Cart: Additional","","This is a 4 Unit building and there are only two carts.""2026-01-09 00:00:00","1301 W Hampton Ave, Milwaukee, WI 53209, USA","Broken Branch Down - Blocking Street","2026-01-09 00:00:00","Branch blocking the street at the intersection of W. Hampton Ave and N. Milwaukee River Pkwy.  Operator contacted M. Blann.""2026-01-09 00:00:00","1710 W MC KINLEY AV","Potholes","","There is a seriously big pot hole right where traffic is headed. You can not dodge it and it resulted in my tire being popped""2026-01-09 00:00:00","7262 N CASSIE AV, MILWAUKEE, WI, 53224-3651","Christmas Tree Pickup","","Please collect my Christmas tree.""2026-01-09 00:00:00","7406 W GLENDALE AV, MILWAUKEE, WI, 53218-5449","Leaf/Leaves Pickup Request","","THE DRAINS ARE CLOGGED!! Because of leaves""2026-01-09 00:00:00","2944 S 45TH ST, MILWAUKEE, WI, 53219-3412","Leaf/Leaves Pickup Request","","Leaf pile in street and another pile frozen on curbs""2026-01-09 00:00:00","3301 N HOLTON ST, MILWAUKEE, WI, 53212-1651","Clogged Catch Basin/Surface Flooding","","Drains on the corner at this building are constantly clogged. Thanks for cleaning.""2026-01-09 00:00:00","3112 S 16TH ST, MILWAUKEE, WI, 53215-4525","Leaf/Leaves Pickup Request","","on both sides of the street""2026-01-09 00:00:00","1519 S 24TH ST, MILWAUKEE, WI, 53204-2506","Scattered Litter and Debris on Private Property","","Clothes, scattered trash and const""2026-01-09 00:00:00","5021 N 85TH ST, MILWAUKEE, WI, 53225-4210","Miscellaneous Internal Transfer","2026-01-09 00:00:00","regards to dark area for electrical services. soft transferred caller w/electrical see rec 5452979""2026-01-09 00:00:00","4401 N 50TH ST, MILWAUKEE, WI, 53218-5704","Leaf/Leaves Pickup Request","","catch basins are covered, caller was informed only large piles will be collected""2026-01-09 00:00:00","2137 S 18TH ST, MILWAUKEE, WI, 53215-2625","Scattered Litter and Debris on Private Property","","Scattered trash""2026-01-08 00:00:00","434 S 94TH PL, MILWAUKEE, WI, 53214-1201","Christmas Tree Pickup","","""2026-01-08 00:00:00","5044 W MEDFORD AV, MILWAUKEE, WI, 53216-2337","Leaf/Leaves Pickup Request","","""2026-01-08 00:00:00","3859 S LOGAN AV, MILWAUKEE, WI, 53207-3947","Missed Collection: Garbage","2026-01-09 00:00:00","My garbage cart was at the collection point by 6:00am yesterday and was never collected.""2026-01-08 00:00:00","2037 N 57TH ST, MILWAUKEE, WI, 53208-1617","Christmas Tree Pickup","","""2026-01-08 00:00:00","333 N 25TH ST, MILWAUKEE, WI, 53233-2501","Potholes","2026-01-09 00:00:00","This huge hole has beef here for weeks. I reported twice already! Traffic swerves into oncoming traffic to avoid it! Very dangerous please fix today!""2026-01-08 00:00:00","617 N 23RD ST, MILWAUKEE, WI, 53233-0000","Interior of Building in Disrepair","2026-01-08 00:00:00","I am submitting an emergency housing complaint regarding my rental unit at:
617 N 23rd Street, Unit 105, Milwaukee, WI.

There has been an active water leak in the hallway of my unit for the past  THREE days, and the issue is ongoing. The leak has not been repaired and continues to cause water intrusion. water is leaking out the light fixture!

I have made multiple attempts to contact my property management company, Berrada Properties, regarding this emergency maintenance issue. No response or repair has been made, despite the seriousness of the situation. I even spoke with someone in person

This condition is affecting the habitability and safety of my home, and I am concerned about potential water damage, mold, and electrical hazards.

I am requesting an urgent inspection and enforcement action due to the landlordâ€™s failure to address this emergency repair.

I can provide photos, videos, and documentation of the leak and my attempts to contact management upon request.

Thank you for your prompt attention to this matter.""2026-01-08 00:00:00","205 W ALLERTON AV, MILWAUKEE, WI, 53207-4911","Leaf/Leaves Pickup Request","","The whole block never got leaves collected""2026-01-08 00:00:00","4161 N RICHARDS ST, MILWAUKEE, WI, 53212-1011","Area Dark","2026-01-08 00:00:00","Richards street, street lights are out, Capitol Drive to the North, Hope street also out. Multiple weeks of this outage.""2026-01-08 00:00:00","2565 A N OAKLAND AV, MILWAUKEE, WI, 53211-3931","Potholes","","""2026-01-08 00:00:00","4647 W Scranton Pl, Milwaukee, WI 53216, USA","Missed Collection: Garbage","","""2026-01-08 00:00:00","4932 N 54TH ST, MILWAUKEE, WI, 53218-4203","Area Dark","2026-01-08 00:00:00","""2026-01-08 00:00:00","135 W MARTIN LA, MILWAUKEE, WI, 53207-4973","Christmas Tree Pickup","2026-01-08 00:00:00","""2026-01-08 00:00:00","9264 N 70TH ST, MILWAUKEE, WI, 53223-1108","Area Dark","","This is not exactly an emergency as I live on a quiet road but it will need attention very soon.  Street lights are out on N 70th Street, north of Brown Deer Rd to W. Glenbrook Road, then west on Glenbrook at least until the  Glenbrook apts.""2026-01-08 00:00:00","2205 N FARWELL AV, 9, MILWAUKEE, WI, 53202-1154","All Other Signs","","Lane assignment sign just north of Kenilworth is upside-down""2026-01-08 00:00:00","3408 S BURRELL ST, MILWAUKEE, WI, 53207-3346","Christmas Tree Pickup","","Tree is out in front of house by curb at 3408 S Burrell St.""2026-01-08 00:00:00","2169 N FARWELL AV, MILWAUKEE, WI, 53202-1114","All Other Signs","","Ped crossing sign in Southeast corner of Farwell and Kenilworth is missing""2026-01-08 00:00:00","2100 W National Ave, Milwaukee, WI 53204, USA","Dead Animal","","Dead raccoon in the middle of the street on W. National Ave.""2026-01-08 00:00:00","2110 S 11TH ST, MILWAUKEE, WI, 53215-2708","Scattered Litter and Debris on Private Property","2026-01-09 00:00:00","mattresses trash and garbage""2026-01-08 00:00:00","2224 S 17TH ST, MILWAUKEE, WI, 53215-2624","Scattered Litter and Debris on Private Property","","scattered trash""2026-01-08 00:00:00","2207 S 16TH ST, MILWAUKEE, WI, 53215-2619","Scattered Litter and Debris on Private Property","","scattered trash""2026-01-08 00:00:00","3311 S HONEY CREEK DR, MILWAUKEE, WI, 53219-3912","Miscellaneous Street Maintenance Request","","Leaf Piles from 72nd & s. honey creek dr. t0 68th and morgan this is a problem. cannot park, flooding. and plugging sewer basin Thank you.""2026-01-08 00:00:00","3633 N 97TH ST, MILWAUKEE, WI, 53222-2626","Missed Collection: Garbage","","Cart was not collected yesterday per schedule. I see some other carts still at the street and am unable to tell if just mine was missed or if others were as well.""2026-01-08 00:00:00","7008 W ADLER ST","Potholes","","""2026-01-08 00:00:00","6752 S 17TH ST, MILWAUKEE, WI, 53221-5207","Special Pickup - Accident Debris","2026-01-09 00:00:00","Accident in front of house on Tuesday and cops nor fire department cleaned up   Neighbors grid but glass just swept to curb.""2026-01-08 00:00:00","1923 N 36TH ST, MILWAUKEE, WI, 53208-1928","Scattered Litter and Debris on Private Property","2026-01-08 00:00:00","This been an ongoing issue for years. Although the tenants change a lot itâ€™s always a problem with this landlord.""2026-01-08 00:00:00","6533 W MEDFORD AV, MILWAUKEE, WI, 53218-4838","Missed Collection: Recycling","2026-01-08 00:00:00","Please empty the blue recycling cart at the curb.""2026-01-08 00:00:00","2028 W GRANT ST, MILWAUKEE, WI, 53215-2567","Recycling Cart Collection Request: Cart Not at Collection Point","","at curb late, asking for courtesy collection please""2026-01-08 00:00:00","1719 N 29TH ST, MILWAUKEE, WI, 53208-2012","Missed Collection: Garbage","2026-01-08 00:00:00","on time but not emptied, please collect""2026-01-08 00:00:00","5812 W MEINECKE AV, MILWAUKEE, WI, 53210-2224","Missed Collection: Recycling","2026-01-08 00:00:00","REPEATED ISSUE, RCART WAS AT CURB ON TIME AND ENTIRE BLOCK MISSED, RW SHOWS COMPLETED""2026-01-08 00:00:00","3734 S 86TH ST, MILWAUKEE, WI, 53228-1712","Christmas Tree Pickup","2026-01-08 00:00:00","""2026-01-08 00:00:00","2015 N LAKE DR, MILWAUKEE, WI, 53202-1372","Christmas Tree Pickup","","Tree pickup please""2026-01-08 00:00:00","5812 W MEINECKE AV, MILWAUKEE, WI, 53210-2224","Garbage Supervisor Notification","2026-01-08 00:00:00","CALLER EXTREMELY UPSET, MULTIPLE MISSED COLLECTION REQUESTS, ENTIRE BLOCK BEING MISSED EVERY WEEK BUT BEING MARKED AS COMPLETED""2026-01-08 00:00:00","2941 W WANDA AV, MILWAUKEE, WI, 53221-4151","Christmas Tree Pickup","","Pick up christmas tree""2026-01-08 00:00:00","1719 N 29TH ST, MILWAUKEE, WI, 53208-2012","Parking Enforcement X8350 Internal Transfer - UCC STAFF ONLY","2026-01-08 00:00:00","""2026-01-08 00:00:00","422 S 67TH ST, MILWAUKEE, WI, 53214-1742","Christmas Tree Pickup","","""2026-01-08 00:00:00","1619 S 7TH ST, MILWAUKEE, WI, 53204-3413","Large Items Discarded on Private Property","","Garbage and debris scattered through out the property.""2026-01-08 00:00:00","4472 N 48TH ST, MILWAUKEE, WI, 53218-5114","Weeds and Tall Grass Complaint","2026-01-09 00:00:00","Tall weeds and other forestry.""2026-01-08 00:00:00","4861 S 19TH ST, MILWAUKEE, WI, 53221-2838","Missed Collection: Garbage","2026-01-09 00:00:00","asl route""2026-01-07 00:00:00","3339 S 3RD ST, MILWAUKEE, WI, 53207-2634","Street Light Out","2026-01-08 00:00:00","Street light out in front of 3339 S 3rd St""2026-01-07 00:00:00","5002 N 55TH ST, MILWAUKEE, WI, 53218-4208","Street Light Out","2026-01-07 00:00:00","The street light at 55th and Fairmount Ave is not lighting""2026-01-07 00:00:00","6000 W KINNICKINNIC RIVER PK, MILWAUKEE, WI, 53219-2675","Area Dark","","Street lights out on kinnickinnic River parkway between 60th and Cleveland Ave. 1st report of Iâ€™m sure many this new year.""2026-01-07 00:00:00","4932 N 54TH ST, MILWAUKEE, WI, 53218-4203","Street Light Out","2026-01-07 00:00:00","""2026-01-07 00:00:00","2672 N MENOMONEE RIVER PK, MILWAUKEE, WI, 53226-1611","Missed Collection: Garbage","2026-01-07 00:00:00","Cart at curb at 7AM on collection day but not collected""2026-01-07 00:00:00","7627 W KEARNEY ST, Milwaukee, WISCONSIN, 53214","Traffic Signals","2026-01-07 00:00:00","Sorry this probably isnâ€™t the appropriate category, please forward to the appropriate department. At W Kearney St and 76th heading east on Kearney, there is no signage stating showing which direction you can go from each lane (e.g. left turn only, straight/left turn etc). There has never been signage here and it seems completely obvious to me, however, for some reason for the last few months, maybe once a week I will encounter a driver who thinks you can turn left from either lane. The left lane has the option to go straight, so you can see why this could be an issue if the left lane decides to go straight and the right lane decides to turn left. It makes no sense to me, maybe people are just becoming less intelligent. Itâ€™s never been an issue in the 5 years Iâ€™ve lived here but itâ€™s frequent now for whatever reason. We may need to adapt to the decline in driving skills and install signs or paint arrows on the road. In case itâ€™s relevant, it does not seem to matter whether or not there are other several vehicles waiting at the light or not. Iâ€™ve seen it happen in heavy traffic and when I was alone with 1 other vehicle at the light.""2026-01-07 00:00:00","5550 N 38TH ST, MILWAUKEE, WI, 53209-4741","Drainage or Standing Water Not Related to a Clogged Catch Basin","","Large pile of leaves in the street causing ponding.""2026-01-07 00:00:00","260 N PINECREST ST","Leaf Pickup Request","","The entire story hill neighborhood needs leaf clean up.""2026-01-07 00:00:00","2225 N 42ND ST, MILWAUKEE, WI, 53208-1309","Christmas Tree Pickup","","The tree is in the alley""2026-01-07 00:00:00","6113 W STEVENSON ST","Leaf Pickup Request","","Please pick up the leaf mess left on our street""2026-01-07 00:00:00","1728 N 40th St, Milwaukee, WI 53208, USA","Collection Schedule - Garbage and Recycling","","""2026-01-07 00:00:00","6902 W HOPE AV, MILWAUKEE, WI, 53216-1140","Garbage Cart Collection Request: Cart Not at Collection Point","","""2026-01-07 00:00:00","6902 W HOPE AV, MILWAUKEE, WI, 53216-1140","Missed Collection: Recycling","","""2026-01-07 00:00:00","335 E MONTANA ST, MILWAUKEE, WI, 53207-2017","Area Dark","2026-01-07 00:00:00","""2026-01-07 00:00:00","4146 N 25TH ST, MILWAUKEE, WI, 53209-6614","Christmas Tree Pickup","","chritmas tree sitting next to garabage bins""2026-01-07 00:00:00","4414 S GRIFFIN AV, MILWAUKEE, WI, 53207-5028","Leaf Pickup Request","","Large piles of leaves on curb in front of my property, two piles to the north and several more on the street from Bolivar to Armour""2026-01-07 00:00:00","6135 W LOCUST ST, MILWAUKEE, WI, 53210-1465","Street Light Out","","No street lights from 61ST through 64TH and Locust""2026-01-07 00:00:00","9425 W CENTER ST, MILWAUKEE, WI, 53222-4520","Missed Collection: Garbage","2026-01-07 00:00:00","Missed picking up my garbage. Had it out the night before. Watched the truck drive right by my house. Checked this morning and the bin is still full.""2026-01-07 00:00:00","1938 S 11TH ST, MILWAUKEE, WI, 53204-3824","Scattered Litter and Debris on Private Property","","scattered trash""2026-01-07 00:00:00","2021 S 11TH ST, MILWAUKEE, WI, 53204-3827","Scattered Litter and Debris on Private Property","","mattresses, trailer and rugs""2026-01-07 00:00:00","2004 S 13TH ST, MILWAUKEE, WI, 53204-3842","Scattered Litter and Debris on Private Property","","furniture, trash and garbage bags""2026-01-07 00:00:00","1904 S 10TH ST, MILWAUKEE, WI, 53204-3809","Scattered Litter and Debris on Private Property","","trash and garbage bags""2026-01-07 00:00:00","1916 S 10TH ST, MILWAUKEE, WI, 53204-3809","Scattered Litter and Debris on Private Property","","scattered trash""2026-01-07 00:00:00","1964 S 10TH ST, MILWAUKEE, WI, 53204-3809","Scattered Litter and Debris on Private Property","","Bricks from property is in rear of alley""2026-01-07 00:00:00","6344 N 100th St #3, Milwaukee, WI 53225, USA","Zoning Violation","2026-01-07 00:00:00","flooring ruined from sewage water.""2026-01-07 00:00:00","5729 W MICHIGAN ST, MILWAUKEE, WI, 53213-4276","Leaf Pickup Request","","push pile on corner.""2026-01-07 00:00:00","6635 W VERONA CT, MILWAUKEE, WI, 53219-4258","Area Dark","","Entire Block""2026-01-07 00:00:00","814 A E CENTER ST, MILWAUKEE, WI, 53212-3048","Bulky Pickup & San Inspector Notification","","someone has dumped a mattress in the alley illegally. this was not my mattress.""2026-01-07 00:00:00","6881 N 45TH ST, MILWAUKEE, WI, 53223-5309","Other Miscellaneous Forestry Request","","Need leaves removed. Never picked up before the snowfall. Thanks""2026-01-07 00:00:00","3926 N 19TH PL, MILWAUKEE, WI, 53206-1903","Zoning Violation","2026-01-07 00:00:00","Conduct inspection for possible interior violations per MPD.""2026-01-07 00:00:00","2715 N 38TH ST, MILWAUKEE, WI, 53210-2549","Missed Collection: Garbage","","cart missed last fri but caller did no call until weds, wants to make sure crew gets extra garbage, was told one yd""2026-01-07 00:00:00","6635 W VERONA CT, MILWAUKEE, WI, 53219-4258","Street Light Out","2026-01-08 00:00:00","The whole street is out.""2026-01-07 00:00:00","5208 W LOCUST ST, MILWAUKEE, WI, 53210-1627","Leaf Pickup Request","","Blocking 1/2 of Locust St""2026-01-07 00:00:00","4070 N 91ST ST, MILWAUKEE, WI, 53222-1606","Christmas Tree Pickup","","""2026-01-07 00:00:00","4004 W HOPE AV, MILWAUKEE, WI, 53216-1631","Missed Collection: Recycling","","Routeware showing completions""2026-01-07 00:00:00","5218 W LOCUST ST, MILWAUKEE, WI, 53210-1627","Leaf Pickup Request","2026-01-07 00:00:00","Large pile on 53rd Street side.  Corner property.""2026-01-07 00:00:00","6453 N 89TH ST, MILWAUKEE, WI, 53224-5307","Special Pickup - Accident Debris","","Where School Bus Parks.""2026-01-07 00:00:00","3301 W IONA TR, MILWAUKEE, WI, 53221-0000","Potholes","","Very uneven street and lost of holes""2026-01-07 00:00:00","3936 S 57TH ST, MILWAUKEE, WI, 53220-2637","Christmas Tree Pickup","2026-01-08 00:00:00","""2026-01-07 00:00:00","2011 N PROSPECT AV, 16, MILWAUKEE, WI, 53202-1108","Street Light Out","2026-01-07 00:00:00","At least 5 streets lights out on prospect ave between Lafayette and Windsor streets.""2026-01-07 00:00:00","4045 N 48TH ST, MILWAUKEE, WI, 53216-1530","Bulky Pickup & San Inspector Notification","","Caller reporting mattresses, couches, etc at what they say is a vacant property.  Also, all kinds of debris in this alley between 49th and 48th Fiebrantz to Capitol.""2026-01-06 00:00:00","6217 W SPOKANE ST, MILWAUKEE, WI, 53223-5434","Recycling Cart: Additional","","Caller requesting 1 additional R-Cart at location for a total of 2. Caller states Recycling at location exceeds capacity of 1 R-Cart. Thank-you""2026-01-06 00:00:00","7401 W SILVER SPRING DR, MILWAUKEE, WI, 53218-2729","Rats or Rat Harborage","","Rats on the property.""2026-01-06 00:00:00","7401 W SILVER SPRING DR, MILWAUKEE, WI, 53218-2729","Scattered Litter and Debris on Private Property","","Trash all over property that is drawing rats to the area.""2026-01-06 00:00:00","5785 S 13TH ST, MILWAUKEE, WI, 53221-4405","Scattered Litter and Debris on Private Property","","Iâ€™m a concerned home owner, that would like to report an ongoing trash and rodent issues at this neighboring property. Multiple garbage carts are consistently overfilled with trash spilling onto the ground, including loose bags, food waste, and other trash left outside of garbage carts. Trash appears to be stored outside of cityâ€™s garbage carts in and never dumped. Iâ€™ve seen few mornings ago an older man wearing glasses and grey hair take the trash that was left for many days in their yard to throw on the driveway ground. Tonight, as I was walking my dogs. I was able to see more trash bags sitting by their back door. Please help as Iâ€™m afraid my property value will go down from this property. Thank you.""2026-01-06 00:00:00","3447 S 9TH ST, MILWAUKEE, WI, 53215-5111","Bulky Pickup & San Inspector Notification","2026-01-06 00:00:00","""2026-01-06 00:00:00","4566 N 45TH ST, MILWAUKEE, WI, 53218-5248","Light Nuisance","","photo is from inside my house, looking at the light shining on [the north side of] my house from [the south side of] 4566; 4566 has already been fined once (in 2025), complained to me about it, said light would be moved... but here it is""2026-01-06 00:00:00","2137 N 28TH ST, MILWAUKEE, WI, 53208-1520","Dead Animal","","MPD needs  a dead dog picked up. In the alley on top of garbage cart in a cage.""2026-01-06 00:00:00","4161 N RICHARDS ST, MILWAUKEE, WI, 53212-1011","Street Light Out","","Street Lights Our, Several blocks, multiple weeks now.""2026-01-06 00:00:00","2536 S 63RD ST, MILWAUKEE, WI, 53219-2627","Area Dark","","Multiple street lights out on more than one block. Please turn back on. Thank you.""2026-01-06 00:00:00","7059 W THURSTON CT, MILWAUKEE, WI, 53218-2223","Other Miscellaneous Electrical Services Request","2026-01-06 00:00:00","Street lights are out.""2026-01-06 00:00:00","2955 S CALIFORNIA ST, MILWAUKEE, WI, 53207-2467","Christmas Tree Pickup","2026-01-06 00:00:00","2955 S. California St.""2026-01-06 00:00:00","5504 W WISCONSIN AV, MILWAUKEE, WI, 53208-3066","Missed Collection: Recycling","2026-01-06 00:00:00","Cart was at the curb at 6:30 AM Monday.  Cart is located on west side of N. 55th Street between Wisconsin and Wells.
Recycling collection at this location is missed several times each year.  The route is CR01-05.  Route CR01-06 handles  the other side of the block, which would make a lot more sense.""2026-01-06 00:00:00","2922 W JUNEAU AV, MILWAUKEE, WI, 53208-2923","Clogged Catch Basin/Surface Flooding","2026-01-07 00:00:00","road away water backing up""2026-01-06 00:00:00","1215 N 29TH ST, MILWAUKEE, WI, 53208-0000","Drainage or Standing Water Not Related to a Clogged Catch Basin","","road away water backing up""2026-01-06 00:00:00","1207 N 28TH ST, MILWAUKEE, WI, 53208-0000","Clogged Catch Basin/Surface Flooding","2026-01-07 00:00:00","good on the road away water backing up""2026-01-06 00:00:00","6000 W OKLAHOMA AV, MILWAUKEE, WI, 53219-0000","Clogged Catch Basin/Surface Flooding","2026-01-06 00:00:00","street flooding""2026-01-06 00:00:00","4550 N SHERMAN BL, MILWAUKEE, WI, 53209-5854","Christmas Tree Pickup","","Christmas tree pickup request on curbside""2026-01-06 00:00:00","6001 W BURLEIGH ST, MILWAUKEE, WI, 53210-0000","Clogged Catch Basin/Surface Flooding","2026-01-07 00:00:00","sw corner flooding""2026-01-06 00:00:00","3770 S 97TH ST, MILWAUKEE, WI, 53228-1421","Bulky Pickup & San Inspector Notification","","2 coffee tables, 1 childâ€™s play table, 1 mirror""2026-01-06 00:00:00","1738 S 19TH ST, MILWAUKEE, WI, 53204-3125","Garbage Cart Not Returned to Storage Location","2026-01-06 00:00:00","Not returned and not collected because incorrect stuff in both cans or all three.gave the a Spanish collecting note from trash  collector could be they can't read at all. Also trash in porch.please address this""2026-01-06 00:00:00","1859 N WARREN AV, MILWAUKEE, WI, 53202-1638","Christmas Tree Pickup","2026-01-06 00:00:00","Christmas tree needs to be discarded. thank you!""2026-01-06 00:00:00","4502 N 27TH ST, MILWAUKEE, WI, 53209-0000","Clogged Catch Basin/Surface Flooding","2026-01-06 00:00:00","backup of rain water""2026-01-06 00:00:00","9825 W CONCORDIA AV","Area Dark","","""2026-01-06 00:00:00","1629 N 47TH ST, MILWAUKEE, WI, 53208-2242","Clogged Catch Basin/Surface Flooding","2026-01-07 00:00:00","on 175 South not the address this is showing""2026-01-06 00:00:00","5230 W LISBON AV, MILWAUKEE, WI, 53210-2749","Clogged Catch Basin/Surface Flooding","2026-01-07 00:00:00","multiple clogged drains down Lisbon in vicinity of address""2026-01-06 00:00:00","2787 S LINEBARGER TR, MILWAUKEE, WI, 53207-2341","Area Dark","","All street lights are out on this block""2026-01-06 00:00:00","2988 S KINNICKINNIC AV, MILWAUKEE, WI, 53207-2563","Street Light Out","2026-01-07 00:00:00","""2026-01-06 00:00:00","1532 W CLARKE ST, MILWAUKEE, WI, 53206-2026","Clogged Catch Basin/Surface Flooding","2026-01-07 00:00:00","Flooding Intersection 16th and Clarke""2026-01-05 00:00:00","2419 W VIENNA AV, MILWAUKEE, WI, 53206-1442","Scattered Litter and Debris on Private Property","","In front garbage and debris.""2026-01-05 00:00:00","3948 S 5TH PL, MILWAUKEE, WI, 53207-4334","Christmas Tree Pickup","","""2026-01-05 00:00:00","5100 N 66TH ST, MILWAUKEE, WI, 53218-4009","Recycling Cart: New Customer","","Home purchase""2026-01-05 00:00:00","3721 N 35TH ST, MILWAUKEE, WI, 53216-3001","Scattered Litter and Debris on Private Property","","garbage and debris overflowing from garbage cans it is scattered all in the back alley area behind the garage it is filthy behind that property ; and it's a constant problem""2026-01-05 00:00:00","5100 N 66TH ST, MILWAUKEE, WI, 53218-4009","Garbage Cart: New Customer","","Home purchase""2026-01-05 00:00:00","728 E LOCUST ST, MILWAUKEE, WI, 53212-2547","Missed Collection: Garbage","2026-01-05 00:00:00","""2026-01-05 00:00:00","1819 W LUZERNE CT, MILWAUKEE, WI, 53221-3523","Christmas Tree Pickup","","Please pick up Christmas tree""2026-01-05 00:00:00","3340 N 86TH ST, MILWAUKEE, WI, 53222-3738","Street Light Out","2026-01-05 00:00:00","Lights out between Concordia and Townsend""2026-01-05 00:00:00","1130 E BURLEIGH ST, MILWAUKEE, WI, 53212-2215","Christmas Tree Pickup","2026-01-06 00:00:00","Christmas tree pick-up, please!""2026-01-05 00:00:00","7319 W MORGAN AV, MILWAUKEE, WI, 53220-1125","Leaf Pickup Request","","Large leaf piles on Morgan Ave""2026-01-05 00:00:00","4103 W MORGAN AV, MILWAUKEE, WI, 53221-0000","Sidewalks Not Shoveled (adjacent to Private Property)","2026-01-06 00:00:00","Not shoveled""2026-01-05 00:00:00","3429 N DOUSMAN ST, MILWAUKEE, WI, 53212-1735","Christmas Tree Pickup","2026-01-06 00:00:00","""2026-01-05 00:00:00","3421 S DELAWARE AV, MILWAUKEE, WI, 53207-3705","Christmas Tree Pickup","2026-01-05 00:00:00","Christmas tree""2026-01-05 00:00:00","4111 W MORGAN AV, MILWAUKEE, WI, 53221-0000","Sidewalks Not Shoveled (adjacent to Private Property)","2026-01-06 00:00:00","Not shoveled""2026-01-05 00:00:00","1983 N SUMMIT AV, 24","Area Dark","2026-01-05 00:00:00","Several lights are out on this corner. Potential green electrical box is busted open on Lafayette Ave""2026-01-05 00:00:00","2024 N HI MOUNT BL, MILWAUKEE, WI, 53208-1766","Christmas Tree Pickup","","""2026-01-05 00:00:00","2373 N 48TH ST, MILWAUKEE, WI, 53210-2802","Christmas Tree Pickup","","Just put the tree out by the garbage bin yesterday. Thank you!""2026-01-05 00:00:00","1336 W VAN NORMAN AV, MILWAUKEE, WI, 53221-2348","Sidewalks Not Shoveled (adjacent to Private Property)","2026-01-06 00:00:00","neither sidewalk on W Van Norman Ave and S 14th St have been shoveled. its slippery there are several kids that have bus stops in that area.""2026-01-05 00:00:00","1824 E NOCK ST, MILWAUKEE, WI, 53207-2318","Christmas Tree Pickup","2026-01-05 00:00:00","The tree is near the sanitation and recycling bins""2026-01-05 00:00:00","254 E CHICAGO ST, 200","Christmas Tree Pickup","2026-01-06 00:00:00","Alley""2026-01-05 00:00:00","1320 W VAN NORMAN AV, MILWAUKEE, WI, 53221-2348","Sidewalks Not Shoveled (adjacent to Private Property)","2026-01-06 00:00:00","the sidewalks were not shoveled. several kids bus stops in the area""2026-01-05 00:00:00","3345 N 96TH ST, MILWAUKEE, WI, 53222-3405","Christmas Tree Pickup","","Christmas tree""2026-01-05 00:00:00","3816 S 96TH ST, MILWAUKEE, WI, 53228-1441","Recycling Cart Not Returned to Storage Location","2026-01-05 00:00:00","""2026-01-05 00:00:00","3416 S 96TH ST, MILWAUKEE, WI, 53227-4333","Street Light Cycling","2026-01-06 00:00:00","Hello-

Street light that is next to the fire hydrant is constantly cycling.

Thank You

Ryan Gustafson
414-522-3074""2026-01-04 00:00:00","2744 N 55TH ST, MILWAUKEE, WI, 53210-1557","Special Pickup - Accident Debris","","""2026-01-04 00:00:00","3452 N HACKETT AV, MILWAUKEE, WI, 53211-2945","Christmas Tree Pickup","","""2026-01-04 00:00:00","5874 S MARILYN ST, MILWAUKEE, WI, 53221-4144","Sidewalks Not Shoveled (adjacent to Private Property)","","Homeowner never shovels the city sidewalk""2026-01-04 00:00:00","8313 W GRANTOSA DR, MILWAUKEE, WI, 53218-3628","Christmas Tree Pickup","","""2026-01-04 00:00:00","9615 W TUPELO CT, MILWAUKEE, WI, 53224-3924","Christmas Tree Pickup","","""2026-01-04 00:00:00","1715 S 18TH ST, MILWAUKEE, WI, 53204-3113","Street Light Cycling","2026-01-04 00:00:00","lights are not on at night, to dark""2026-01-04 00:00:00","417 E EUCLID AV, MILWAUKEE, WI, 53207-2733","Recycling Cart: New Customer","","I just moved in and we do not have a recycling can at our address""2026-01-04 00:00:00","2757 S 44TH ST, MILWAUKEE, WI, 53219-3203","Christmas Tree Pickup","2026-01-05 00:00:00","""2026-01-04 00:00:00","3484 N MURRAY AV, MILWAUKEE, WI, 53211-2817","Christmas Tree Pickup","","Christmas tree is ready for pick up at the curb""2026-01-04 00:00:00","1501 N MARSHALL ST, MILWAUKEE, WI, 53202-2029","Christmas Tree Pickup","","Tree is on the north side of Lyon Street, corner of Marshall""2026-01-04 00:00:00","3029 W PARNELL AV, MILWAUKEE, WI, 53221-4149","Backwater","","Property manager calling in.""2026-01-04 00:00:00","5714 S MARILYN ST, MILWAUKEE, WI, 53221-4142","Backwater","2026-01-05 00:00:00","Property manager calling in.  These townhouses are attached to each other.  5712, 5710 including 3029 W Parnell.   Please call upon arrival.""2026-01-04 00:00:00","3029 W Parnell Ave, Milwaukee, WI 53221, USA","Backwater","2026-01-05 00:00:00","backwater""2026-01-04 00:00:00","Maryland, USA","Backwater","2026-01-05 00:00:00","backwater""2026-01-04 00:00:00","2108 N CAMBRIDGE AV, MILWAUKEE, WI, 53202-0000","Scattered Litter and Debris on Private Property","","Scattered litter in rear of building. Overflowing dumpsters. Debris blowing into alley and neighbors yard. Rats have been seen.""2026-01-04 00:00:00","221 N 50TH ST, MILWAUKEE, WI, 53208-3631","Recycling Cart: Additional","","Hoping for extra cart - we use a lot of boxes and have trouble recycling based on a two week schedule.""2026-01-04 00:00:00","2108 N CAMBRIDGE AV, MILWAUKEE, WI, 53202-0000","Rats or Rat Harborage","","Rat and other rodent concerns.  Garbage cans overflowing and open.""2026-01-04 00:00:00","2107 N LAKE DR, MILWAUKEE, WI, 53202-1334","Christmas Tree Pickup","","""2026-01-04 00:00:00","7713 N 51ST BL, MILWAUKEE, WI, 53223-4354","Christmas Tree Pickup","","Christmas tree""2026-01-04 00:00:00","2202 E NEWBERRY BL, MILWAUKEE, WI, 53211-3745","Missed Collection: Recycling","2026-01-05 00:00:00","""2026-01-04 00:00:00","2202 E NEWBERRY BL, MILWAUKEE, WI, 53211-3745","Christmas Tree Pickup","","""2026-01-04 00:00:00","8001 W LYNMAR TR, MILWAUKEE, WI, 53222-1932","Missed Collection: Garbage","","MISSED COLLECTION""2026-01-04 00:00:00","7320 W DULUTH AV, MILWAUKEE, WI, 53220-1734","Christmas Tree Pickup","","""2026-01-04 00:00:00","3025 E HAMPSHIRE ST, MILWAUKEE, WI, 53211-3115","Christmas Tree Pickup","","Tree on curb. Thank you!""2026-01-04 00:00:00","4829 S 21ST ST, MILWAUKEE, WI, 53221-2915","Sidewalks Not Shoveled (adjacent to Private Property)","","Sidewalk not clear after many days with no snow. Itâ€™s a hazard to walk across.""2026-01-04 00:00:00","7672 N DELTA PL, MILWAUKEE, WI, 53223-4317","Christmas Tree Pickup","","""2026-01-04 00:00:00","2659 N WEIL ST, MILWAUKEE, WI, 53212-3060","Furniture Discarded on Private Property","","There is so much furniture and trash being discarded in this alley from the residents at this address that it is making it hard to drive through and homeless people and drug addicts are raiding the trash.""2026-01-04 00:00:00","1736 N Humboldt Ave, Milwaukee, WI 53202, USA","No Heat","2026-01-05 00:00:00","back house""2026-01-04 00:00:00","2215 E WOODSTOCK PL, MILWAUKEE, WI, 53202-1344","Christmas Tree Pickup","","christmas tree pickup""2026-01-04 00:00:00","3459 S 38TH ST, MILWAUKEE, WI, 53215-4012","Christmas Tree Pickup","2026-01-05 00:00:00","Christmas tree in back alley.""2026-01-04 00:00:00","126 S 77th St, Milwaukee, WI 53214, USA","Missed Collection: Recycling","","missed collection""2026-01-04 00:00:00","3155 S MABBETT AV, MILWAUKEE, WI, 53207-2955","Missed Collection: Recycling","2026-01-05 00:00:00","missed alley recycling pick up""2026-01-04 00:00:00","2819 E BRADFORD AV, MILWAUKEE, WI, 53211-4505","Christmas Tree Pickup","","""2026-01-04 00:00:00","1315 N 21st St, Milwaukee, WI 53205, USA","Scattered Litter and Debris on Private Property","","garbage, trash everywhere""2026-01-04 00:00:00","2750 S LENOX ST, MILWAUKEE, WI, 53207-2210","Christmas Tree Pickup","","Christmas tree in alley by garbage cans. Thanks!""2026-01-04 00:00:00","2817 S 45TH ST, MILWAUKEE, WI, 53219-3411","Christmas Tree Pickup","2026-01-05 00:00:00","""2026-01-04 00:00:00","3416 S 82ND ST, MILWAUKEE, WI, 53219-3834","Christmas Tree Pickup","2026-01-05 00:00:00","""2026-01-04 00:00:00","1424 E PRYOR AV, MILWAUKEE, WI, 53207-0000","Graffiti","","Graffiti on Park bathroom building on the south side, near the basketball courts""2026-01-04 00:00:00","3354 N GORDON PL, MILWAUKEE, WI, 53212-1810","Christmas Tree Pickup","","Xmas tree pickup requested""2026-01-04 00:00:00","4440 S AUSTIN ST, MILWAUKEE, WI, 53207-5014","Christmas Tree Pickup","2026-01-06 00:00:00","Tree is all set for pickup in front of 4440 S. Austin St. on curb""2026-01-03 00:00:00","8270 W CASPER ST","Sidewalks Not Shoveled (adjacent to Private Property)","","""2026-01-03 00:00:00","8200 W CASPER ST, MILWAUKEE, WI, 53223-5539","Sidewalks Not Shoveled (adjacent to Private Property)","","undefined""2026-01-03 00:00:00","8128 W CASPER ST","Sidewalks Not Shoveled (adjacent to Private Property)","","""2026-01-03 00:00:00","8120 W CASPER ST, MILWAUKEE, WI, 53223-5537","Sidewalks Not Shoveled (adjacent to Private Property)","","""2026-01-03 00:00:00","8100 W CASPER ST, MILWAUKEE, WI, 53223-5537","Sidewalks Not Shoveled (adjacent to Private Property)","","""2026-01-03 00:00:00","8026 W CASPER ST, MILWAUKEE, WI, 53223-5535","Sidewalks Not Shoveled (adjacent to Private Property)","","""2026-01-03 00:00:00","8018 W CASPER ST, MILWAUKEE, WI, 53223-5535","Sidewalks Not Shoveled (adjacent to Private Property)","","""2026-01-03 00:00:00","8004 W CASPER ST","Snow - Corner Not Cleared","","""2026-01-03 00:00:00","6735 N 80TH ST, MILWAUKEE, WI, 53223-5505","Sidewalks Not Shoveled (adjacent to Private Property)","","""2026-01-03 00:00:00","6735 N 80TH ST, MILWAUKEE, WI, 53223-5505","Snow - Corner Not Cleared","","""2026-01-03 00:00:00","6667 N 80TH ST, MILWAUKEE, WI, 53223-5564","Sidewalks Not Shoveled (adjacent to Private Property)","","undefined""2026-01-03 00:00:00","6659 N 80TH ST","Sidewalks Not Shoveled (adjacent to Private Property)","","undefined""2026-01-03 00:00:00","6658 N 81ST ST","Sidewalks Not Shoveled (adjacent to Private Property)","","undefined""2026-01-03 00:00:00","6658 N 81ST ST, MILWAUKEE, WI, 53223-5571","Snow - Corner Not Cleared","","""2026-01-03 00:00:00","6682 N 81ST ST, MILWAUKEE, WI, 53223-5571","Sidewalks Not Shoveled (adjacent to Private Property)","","undefined""2026-01-03 00:00:00","6700 N 81ST ST, MILWAUKEE, WI, 53223-5514","Sidewalks Not Shoveled (adjacent to Private Property)","","""2026-01-03 00:00:00","2613 W CAPITOL DR, 3, MILWAUKEE, WI, 53206-1413","Large Items Discarded on Private Property","","Unacceptable!""2026-01-03 00:00:00","8027 W CASPER ST","Sidewalks Not Shoveled (adjacent to Private Property)","","""2026-01-03 00:00:00","8139 W CASPER ST, MILWAUKEE, WI, 53223-5536","Sidewalks Not Shoveled (adjacent to Private Property)","","""2026-01-03 00:00:00","8205 W CASPER ST, MILWAUKEE, WI, 53223-5538","Sidewalks Not Shoveled (adjacent to Private Property)","","""2026-01-03 00:00:00","8239 W CASPER ST, MILWAUKEE, WI, 53223-5538","Sidewalks Not Shoveled (adjacent to Private Property)","","undefined""2026-01-03 00:00:00","4800 N 18TH ST, MILWAUKEE, WI, 53209-0000","Bulky Pickup & San Inspector Notification","","Box spring and items for the bed""2026-01-03 00:00:00","1516 W HIGHLAND AV, MILWAUKEE, WI, 53233-1226","Missed Collection: Recycling","","Carts were put out on 1/2 before 7am when schedule indicated pick-up, but carts were not picked up at 1516 W. Highland Ave 53233""2026-01-03 00:00:00","3976 S LOGAN AV, MILWAUKEE, WI, 53207-4550","Christmas Tree Pickup","","""2026-01-03 00:00:00","2979 N 8TH ST, MILWAUKEE, WI, 53206-0000","Christmas Tree Pickup","","Christmas tree pickup for 2079 South 8th Street Milwaukee, Wisconsin 53204. Where the trash pickup is on Beecher Street""2026-01-03 00:00:00","3210 S 39th St, Milwaukee, WI 53215, USA","Missed Collection: Garbage","2026-01-05 00:00:00","Missed pick up of garbage  (Hardship)""2026-01-03 00:00:00","2412 N DOUSMAN ST, MILWAUKEE, WI, 53212-3040","Christmas Tree Pickup","","The tree is located in the alley way behind our house. The alley runs parallel between Dousman St and Staley Place. Thank you and happy New Year.""2026-01-03 00:00:00","822 E WILBUR AV, MILWAUKEE, WI, 53207-3457","Garbage Cart: Additional","","Requesting to obtain one additional garbage can. So in total our home will have two garbage cans. Thank you for your time.""2026-01-03 00:00:00","4255 S 20TH ST, MILWAUKEE, WI, 53221-2353","Garbage Cart: Missing","","""2026-01-03 00:00:00","2841 N 89TH ST, MILWAUKEE, WI, 53222-4603","Christmas Tree Pickup","","Christmas tree pick up near garbage carts""2026-01-03 00:00:00","5209 N 83RD ST, MILWAUKEE, WI, 53218-3525","Stop Sign","","Stop sign at northwest corner of 83 street and villard avenue is askew""2026-01-03 00:00:00","5209 N 83RD ST, MILWAUKEE, WI, 53218-3525","All Other Signs","","Bus stop sign at the northeast corner of 83 street and west villard avenue has been completely knocked down and is on the ground""2026-01-03 00:00:00","8035 W WARNIMONT AV, MILWAUKEE, WI, 53220-1041","Sidewalks Not Shoveled (adjacent to Private Property)","","nothing shoveled this whole week. sidewalks completely snow covered. lazy""2026-01-03 00:00:00","7926 W WILBUR AV, MILWAUKEE, WI, 53220-1051","Sidewalks Not Shoveled (adjacent to Private Property)","","sidewalks not touched this whole week. completely covered with snow. lazy""2026-01-03 00:00:00","3616 S 81ST ST, MILWAUKEE, WI, 53220-1022","Scattered Litter and Debris on Private Property","","pile of cardboard in the road for weeks and a wooden chest curbside not picked up for weeks. these people have been cited for these issues before. terrible look for the neighborhood and these people are filthy.""2026-01-03 00:00:00","6679 N 83RD ST","Sidewalks Not Shoveled (adjacent to Private Property)","2026-01-03 00:00:00","""2026-01-02 00:00:00","5620 W PHILIP PL, MILWAUKEE, WI, 53216-3147","Missed Collection: Recycling","","My collection day was December 31 2025. They missed my cart and it is still on the curb full. This is recycle cart""2026-01-02 00:00:00","465 N 50TH ST","Area Dark","2026-01-02 00:00:00","large area of lights out for multiple days on bluemound rd and surround between wisconsin avenue and hawley. also on bluemound around 68th street.""2026-01-02 00:00:00","5404 W LUEBBE LA","Potholes","","Near the intersection of Bradley Road and North Highview Drive, large sized pothole""2026-01-02 00:00:00","3541 W Verona Ct, Milwaukee, WI 53215, USA","Christmas Tree Pickup","2026-01-02 00:00:00","""2026-01-02 00:00:00","6106 S AVALON ST, MILWAUKEE, WI, 53221-5105","Garbage Cart Collection Request: Cart Not at Collection Point","2026-01-03 00:00:00","cart not out bc crew came at 6am""2026-01-02 00:00:00","624 W SCOTT ST, MILWAUKEE, WI, 53204-0000","Connection Check","2026-01-02 00:00:00","Plumber at site now. Needs a connection check. Called In""2026-01-02 00:00:00","4822 W WASHINGTON BL, MILWAUKEE, WI, 53208-1726","Christmas Tree Pickup","","REQUESTING A XMAS TREE PICK UP""2026-01-02 00:00:00","3732 S 96TH ST, MILWAUKEE, WI, 53228-1439","Garbage Cart Not Returned to Storage Location","","cart not returned, caller wanted to be anon""2026-01-02 00:00:00","6406 W WILBUR AV, MILWAUKEE, WI, 53220-1352","Area Dark","2026-01-03 00:00:00","LIGHTS ARE OUT ON THE ENTIRE BLOCK""2026-01-02 00:00:00","624 W SCOTT ST, MILWAUKEE, WI, 53204-0000","INFO ONLY: Miscellaneous Information Request","2026-01-02 00:00:00","milwaukee.gov/click4actioin online info""2026-01-01 00:00:00","7320 W CAPITOL DR, MILWAUKEE, WI, 53216-2062","Special Pickup - Accident Debris","","A lot of vehicle accident debris near the northeast corner of W Capitol Dr/W Appleton Ave. Cars running over it and it's in the middle of traffic lanes.""2026-01-01 00:00:00","3254 N FRATNEY ST","Drainage or Standing Water Not Related to a Clogged Catch Basin","","Frozen water could be possible water line leaking slowly. East side of N. FRATNEY across from school. Lots of debris makes it hard to tell.""2026-01-01 00:00:00","6810 W Dakota St, Milwaukee, WI 53219, USA","Icy Road","2026-01-02 00:00:00","Resident reporting icy roads requesting salt""2026-01-01 00:00:00","1613 E EDEN PL, MILWAUKEE, WI, 53207-3642","Missed Collection: Recycling","","Carts were our on pick up day 12/26, never picked up. Neighbor also has a cart out to be picked up. We have three houses that are MKE and the rest are St Francis which may be why we get missed.""2026-01-01 00:00:00","5244 N 84TH ST, MILWAUKEE, WI, 53225-3502","Garbage Cart: Damaged","","One garbage cart has a cover that is no longer connected.  Please repair or replace as many feral animals are visiting daily.""2026-01-01 00:00:00","9411 W ADLER ST, MILWAUKEE, WI, 53214-1271","Recycling Supervisor Notification","","This is the third time in a row
now for missed recycling collection.
This is a never ending battle between missed garbage and recycling collection,
please resolve.""2026-01-01 00:00:00","1602 N 53RD ST, MILWAUKEE, WI, 53208-2231","Missed Collection: Garbage","","It was scheduled for 12/31/25 but was not collected."